standardNumber,title,shortTitle,status,edition,revision,category,technicalDomain,scope,sourceName,sourceReference,isDemo
"IS 2347:2023","Domestic and commercial pressure cookers — Specification","Pressure Cookers","CURRENT","2023","Seventh Revision","Kitchenware & Domestic Appliances","Mechanical Engineering","Specifies constructional and safety requirements for pressure cookers made of aluminum alloy or stainless steel operating up to 25 litres nominal capacity.","Authorized Standards Repository","DEMO DATA: Gazette Publication Sample 2023",true
"IS 2347:2014","Pressure cookers — Specification (Sixth Revision)","Pressure Cookers 2014","SUPERSEDED","2014","Sixth Revision","Kitchenware & Domestic Appliances","Mechanical Engineering","Historical sixth edition covering domestic pressure cookers superseded by Seventh Revision.","Authorized Standards Repository","DEMO DATA: Historical Gazette 2014",true
"IS 5522:2014","Stainless steel sheets and strips for utensils — Specification","Stainless Steel Utensil Sheets","CURRENT","2014","First Revision","Raw Materials & Metallurgy","Metallurgical Engineering","Covers chemical and mechanical requirements of wrought stainless steel sheet for cooking utensils.","Authorized Standards Repository","DEMO DATA: Bureau of Indian Standards Metallurgy Schedule",true
"IS 6911:2017","Stainless steel plate, sheet and strip — Specification","Stainless Steel Plate & Strip","CURRENT","2017","Second Revision","Raw Materials & Metallurgy","Metallurgical Engineering","Specifies hot-rolled and cold-rolled stainless steel plates and sheets for engineering and consumer vessels.","Authorized Standards Repository","DEMO DATA: Bureau of Indian Standards Catalog",true
"IS 7466:1994","Rubber gaskets for domestic pressure cookers — Specification","Pressure Cooker Rubber Gaskets","CURRENT","1994","Reaffirmed 2021","Components & Seals","Rubber & Polymers","Covers physical and food-contact migration requirements for vulcanized rubber sealing gaskets.","Authorized Standards Repository","DEMO DATA: BIS Polymer Directory",true
"IS 10322 (Part 5/Sec 3):2012","Luminaires - Particular requirements - Luminaires for road and street lighting","Street Lighting Luminaires","CURRENT","2012","Reaffirmed 2018","Electrical & Lighting","Electrotechnical","Specifies requirements for road and street lighting luminaires using electrical light sources on supply voltages up to 1000V.","Authorized Standards Repository","DEMO DATA: Electrotechnical Division Schedule",true
"IS 16102 (Part 1):2012","Self-ballasted LED lamps for general lighting services — Part 1: Safety requirements","LED Bulb Safety","CURRENT","2012","Reaffirmed 2017","Electrical & Lighting","Electrotechnical","Specifies safety and interchangeability requirements for self-ballasted LED lamps for domestic and commercial general lighting.","Authorized Standards Repository","DEMO DATA: Lighting Safety Standards",true
"IS 16103 (Part 1):2012","Controlgear for LED modules — Part 1: General and safety requirements","LED Driver Controlgear","CURRENT","2012","Reaffirmed 2017","Electrical & Lighting","Electrotechnical","Particular requirements for electronic controlgear for LED modules operating on DC or AC supplies.","Authorized Standards Repository","DEMO DATA: LED Drivers Specification",true
"IS 374:2019","Electric ceiling type fans and regulators — Specification","Ceiling Fans & Regulators","CURRENT","2019","Fourth Revision","Electrical Accessories & Appliances","Electrotechnical","Specifies performance, electrical safety, air delivery, and service value requirements for electric ceiling fans.","Authorized Standards Repository","DEMO DATA: Consumer Electrical Goods Directory",true
"IS 302 (Part 1):2024","Safety of household and similar electrical appliances — General requirements","Household Appliance Safety","CURRENT","2024","Seventh Revision","Electrical Accessories & Appliances","Electrotechnical","General safety requirements for electric motor and heating appliances intended for domestic or commercial use.","Authorized Standards Repository","DEMO DATA: Bureau of Indian Standards Safety Standard",true
"IS 1239 (Part 1):2004","Steel tubes, tubulars and other wrought steel fittings — Part 1: Steel tubes","Mild Steel Tubes","CURRENT","2004","Sixth Revision","Civil & Piping Infrastructure","Civil Engineering","Specifies requirements for seamless and welded mild steel tubes for water, non-hazardous gas, and air transport.","Authorized Standards Repository","DEMO DATA: Civil Engineering Pipes Catalog",true
"IS 1239 (Part 2):1992","Mild steel tubes, tubulars and other wrought steel fittings — Part 2: Mild steel tubulars and other wrought steel pipe fittings","Steel Pipe Fittings 1992","WITHDRAWN","1992","Fourth Revision","Civil & Piping Infrastructure","Civil Engineering","Historical pipe fittings standard withdrawn and consolidated in updated editions.","Authorized Standards Repository","DEMO DATA: Historical Pipes Index",true
"IS 3854:1997","Switches for domestic and similar fixed electrical installations — Specification","Domestic Electrical Switches","CURRENT","1997","Second Revision","Electrical Accessories & Appliances","Electrotechnical","Specifies requirements for manually operated general purpose switches for AC only on voltages up to 250V.","Authorized Standards Repository","DEMO DATA: Electrical Accessories Catalog",true
"IS 1293:2019","Plugs and socket-outlets for household and similar purposes of rated voltage up to and including 250 V and rated current up to and including 16 A — Specification","Plugs and Socket-Outlets","CURRENT","2019","Fourth Revision","Electrical Accessories & Appliances","Electrotechnical","Specifies safety, dimensions, and pin configuration for domestic 6A and 16A plugs and socket-outlets.","Authorized Standards Repository","DEMO DATA: Bureau of Indian Standards Electrical Accessories",true
"IS 4984:2016","High density polyethylene pipes for water supply — Specification","HDPE Water Pipes","CURRENT","2016","Fifth Revision","Civil & Piping Infrastructure","Civil Engineering","Specifies requirements for high density polyethylene (HDPE) pipes intended for water supply and drainage.","Authorized Standards Repository","DEMO DATA: Plastic Piping Systems Directory",true
"IS 2:2022","Rules for rounding off numerical values","Numerical Rounding Rules","CURRENT","2022","Second Revision","General & Management Norms","Basic Standards","Prescribes rules for rounding off numerical values across specifications, test reports, and limits.","Authorized Standards Repository","DEMO DATA: Basic Standards Catalog",true
